Web ID,Region of Incident,Reported Date,Reported Year,Reported Month,Number Dead,Minimum Estimated Number of Missing,Total Dead and Missing,Number of Survivors,Number of Females,Number of Males,Number of Children,Cause of Death,Location Description,Information Source,Location Coordinates,Migration Route,URL,UNSD Geographical Grouping,Source Quality
52664,US-Mexico Border,"December 20, 2019",2019,Dec,83.0,,83,,,,,Mixed,"Cumulative total 1 Jan - 20 Dec 2019 for Webb County Medical Examiner’s Office, Texas",Webb County Medical Examiner’s Office,"27.531364500000, -99.428485200000",Central America to US,,Northern America,5
52654,US-Mexico Border,"December 08, 2019",2019,Dec,1.0,,1,,1.0,,1.0,"Bacterial infection, Sickness and lack of access to medicines","Providence Children's Hospital, El Paso, Texas (girl was apparently ill when apprehended by US Border Patrol on 6 December 2019)","Washington Post, CNN, El Paso Times","31.771027200000, -106.500133200000",Central America to US,"https://wapo.st/35q7tix, https://cnn.it/2RWMxLS, http://bit.ly/2EmIQHr",Northern America,3
52668,US-Mexico Border,"November 30, 2019",2019,Nov,1.0,,1,,1.0,,,Heart attack,"Recovered on a ranch in Brooks County, Texas, USA",Breitbart Texas,"27.145345721607, -98.231694302749",,https://bit.ly/2MSdsFm,Northern America,1
52634,US-Mexico Border,"November 23, 2019",2019,Nov,1.0,,1,,,1.0,,Unknown,Skeletal remains recovered on a Texas ranch about 80 miles from the US- Mexican border,BREITBART,"31.967591900000, -99.901641400000",,https://bit.ly/35W2eqt,Northern America,1
52618,US-Mexico Border,"November 14, 2019",2019,Nov,1.0,,1,,,1.0,,Unknown,"Body found near Inspiration Road, Mission, Hidalgo County, Texas, USA","Telemundo40, KRGV","26.276297000000, -98.339679900000",,"https://bit.ly/35kaTCT, https://bit.ly/2XAF0Dt",Northern America,3
52605,US-Mexico Border,"November 12, 2019",2019,Nov,1.0,,1,,,,,Unknown (skeletal remains),"Ranch near Falfurrias, Brooks County, Texas, USA",Brooks County Sheriff's Office via Breitbart News,"27.226764200000, -98.133080600000",,http://bit.ly/372sFw4,Northern America,1
52617,US-Mexico Border,"November 12, 2019",2019,Nov,1.0,,1,,,1.0,,Dehydration,"Near Road 2644 in Maverick County, Texas, USA","Eagle Pass Texas News, Periódico Correo","28.797467400000, -100.215157800000",,"https://bit.ly/33b37JT, https://bit.ly/2O5F5Mk",Northern America,3
52616,US-Mexico Border,"November 10, 2019",2019,Nov,1.0,,1,,,1.0,,Unknown,"Body recovered on a ranch,  east side of Brooks County, Texas about 80 miles north of the Mexican border, USA",BREITBART,"27.038783900000, -98.242979400000",,https://bit.ly/2s2COJf,Northern America,1
52517,US-Mexico Border,"October 26, 2019",2019,Oct,1.0,,1,,1.0,,,Dehydration,"Hospital in Tubac, Santa Cruz County, Arizona - soon after being apprehended after crossing the US-Mexico border",US Border Patrol,"31.592239134151, -111.114893619690",,"https://bit.ly/2MWwM52, http://www.humaneborders.info/app/mapa.asp",Northern America,5
52508,US-Mexico Border,"October 21, 2019",2019,Oct,1.0,,1,,,1.0,,Sickness,"Hospital in Mesa, Maricopa County, Arizona, USA - 18h after being apprehended on the US-Mexico border, south of Casa Grande, Arizona, USA",US Border Patrol,"33.387601000000, -111.876294400000",,http://bit.ly/2JeIju2,Northern America,5
52523,US-Mexico Border,"October 21, 2019",2019,Oct,1.0,,1,13.0,,1.0,,Hit by vehicle,"Interstate Highway 35 (I-35) near San Antonio, Bexar County, Texas, USA",US Border Patrol,"38.406788700000, -96.243472200000",,https://bit.ly/33nDzug,Northern America,5
52488,US-Mexico Border,"October 07, 2019",2019,Oct,1.0,,1,,,1.0,,Drowning,"Río Bravo, near colonia Carmen Serdán, Reynosa, Tamaulipas, Mexico",Hoy Tamaulipas,"26.103672229764, -98.287409076176",,http://bit.ly/2MrDr5r,Northern America,1
52477,US-Mexico Border,"October 02, 2019",2019,Oct,1.0,,1,,,1.0,,Dehydration,"Near Los Galván Ranch, between Texas State Highway 83 and 44, Webb County, Texas, USA","Laredo Daily, Familias Unidas en Busca de una Esperanza","28.025147800000, -99.548918700000",,"http://bit.ly/2Iuy30m, http://bit.ly/31Rxvte",Northern America,3
52708,US-Mexico Border,"October 01, 2019",2019,Oct,1.0,,1,,,1.0,,Unknown (skeletal remains),"Pima County jurisdiction, Arizona, USA",Pima County Office of the Medical Examiner,"32.023725600000, -112.249076600000",,http://www.humaneborders.info/,Northern America,5
52707,US-Mexico Border,"October 01, 2019",2019,Oct,1.0,,1,,,1.0,,Unknown (skeletal remains),"Pima County jurisdiction, Arizona, USA",Pima County Office of the Medical Examiner,"32.054267600000, -112.280284400000",,http://www.humaneborders.info/,Northern America,5
52706,US-Mexico Border,"September 30, 2019",2019,Sep,1.0,,1,,,1.0,,Unknown,"Pima County jurisdiction, Arizona, USA",Pima County Office of the Medical Examiner,"31.779980400000, -111.633008400000",,http://www.humaneborders.info/,Northern America,5
52466,US-Mexico Border,"September 29, 2019",2019,Sep,1.0,,1,,,1.0,,Drowning,"Río Bravo, near Leehman ranch, Eagle Pass, Maverick County, Texas, USA","Zócalo, SuperChannel12","28.738417958720, -100.507007749200",,"http://bit.ly/2pog4lF, http://bit.ly/2oBk3L1",Northern America,3
52703,US-Mexico Border,"September 26, 2019",2019,Sep,1.0,,1,,1.0,,,Unknown (skeletal remains),"Pima County jurisdiction, Arizona, USA",Pima County Office of the Medical Examiner,"31.350592000000, -109.511833000000",,http://www.humaneborders.info/,Northern America,5
52705,US-Mexico Border,"September 26, 2019",2019,Sep,1.0,,1,,,1.0,,Unknown (skeletal remains),"Pima County jurisdiction, Arizona, USA",Pima County Office of the Medical Examiner,"32.458090100000, -113.163995800000",,http://www.humaneborders.info/,Northern America,5
52704,US-Mexico Border,"September 26, 2019",2019,Sep,1.0,,1,,,,,Unknown (skeletal remains),"Pima County jurisdiction, Arizona, USA",Pima County Office of the Medical Examiner,"31.361198000000, -110.172460000000",,http://www.humaneborders.info/,Northern America,5
52475,US-Mexico Border,"September 25, 2019",2019,Sep,1.0,,1,,,1.0,,Unknown (skeletal remains),"Ranch located east of Falfurrias, Brooks County, Texas, USA",Brooks County Sheriff's Office via Breitbart News,"27.120335346567, -98.090651851496",,http://bit.ly/31V1r7M,Northern America,1
52476,US-Mexico Border,"September 25, 2019",2019,Sep,1.0,,1,,,1.0,,Unknown (skeletal remains),"Ranch located north of USBP checkpoint on US Highway 281 near Falfurrias, Brooks County, Texas, USA",Brooks County Sheriff's Office via Breitbart News,"27.159316849220, -98.202154891570",,http://bit.ly/31V1r7M,Northern America,1
52701,US-Mexico Border,"September 22, 2019",2019,Sep,1.0,,1,,,1.0,,Probable hyperthermia,"Pima County jurisdiction, Arizona, USA",Pima County Office of the Medical Examiner,"31.758419400000, -112.074414500000",,http://www.humaneborders.info/,Northern America,5
52453,US-Mexico Border,"September 22, 2019",2019,Sep,2.0,,2,,,2.0,,Hyperthermia,"Near Carrizo Springs, Dimmit County, Texas, USA",Zócalo,"28.482962436929, -99.919967482585",,https://bit.ly/2lVHCNN,Northern America,1
52702,US-Mexico Border,"September 22, 2019",2019,Sep,1.0,,1,,,1.0,,Unknown (skeletal remains),"Pima County jurisdiction, Arizona, USA",Pima County Office of the Medical Examiner,"31.746892100000, -111.945738600000",,http://www.humaneborders.info/,Northern America,5
52452,US-Mexico Border,"September 20, 2019",2019,Sep,1.0,,1,,,1.0,,Drowning,"Río Bravo, near International Bridge 1, Eagle Pass, Texas, USA",La Rancherita del Aire,"28.707751107681, -100.511400588450",,https://bit.ly/2nuRqPr,Northern America,1
52699,US-Mexico Border,"September 17, 2019",2019,Sep,1.0,,1,,,,,Unknown (skeletal remains),"Pima County jurisdiction, Arizona, USA",Pima County Office of the Medical Examiner,"31.955518400000, -112.100307300000",,http://www.humaneborders.info/,Northern America,5
52700,US-Mexico Border,"September 17, 2019",2019,Sep,1.0,,1,,,,,Unknown (skeletal remains),"Pima County jurisdiction, Arizona, USA",Pima County Office of the Medical Examiner,"32.064820600000, -112.472643900000",,http://www.humaneborders.info/,Northern America,5
52437,US-Mexico Border,"September 17, 2019",2019,Sep,1.0,,1,,,1.0,,Drowning,"Canal next to the César Chávez Border Highway by Fonseca Drive, El Paso, El Paso County, Texas, USA","El Paso Times, La Jornada","31.753616299345, -106.417258984670",,"http://bit.ly/2kSBxRB, http://bit.ly/2m0utCE",Northern America,3
52698,US-Mexico Border,"September 16, 2019",2019,Sep,1.0,,1,,,1.0,,Unknown (skeletal remains),"Pima County jurisdiction, Arizona, USA",Pima County Office of the Medical Examiner,"31.910019300000, -111.808035200000",,http://www.humaneborders.info/,Northern America,5
52697,US-Mexico Border,"September 16, 2019",2019,Sep,1.0,,1,,,,,Unknown (skeletal remains),"Pima County jurisdiction, Arizona, USA",Pima County Office of the Medical Examiner,"31.947253300000, -112.058614800000",,http://www.humaneborders.info/,Northern America,5
52444,US-Mexico Border,"September 14, 2019",2019,Sep,1.0,,1,,,1.0,,Unknown (skeletal remains),"Ranch near Encino, Brooks County, Texas, USA",Brooks County Sheriff's Office via Breitbart News,"26.962501412677, -98.293211366797",,https://bit.ly/2l1grRh,Northern America,1
52427,US-Mexico Border,"September 13, 2019",2019,Sep,1.0,,1,,,1.0,,Dehydration,"Ranch southwest of the Falfurrias Border Patrol Checkpoint on U.S. Highway 281, Brooks County, Texas, USA",Brooks County Sheriff's Office via Breitbart News,"26.975419020731, -98.236322802092",,http://bit.ly/2mdSO89,Northern America,1
52451,US-Mexico Border,"September 13, 2019",2019,Sep,1.0,,1,,,1.0,,Unknown,"Ranch near Encino, Brooks County, Texas, USA",Brooks County Sheriff's Office via Breitbart News,"26.932000971238, -98.226225375945",,http://bit.ly/2mOowJI,Northern America,1
52391,US-Mexico Border,"September 12, 2019",2019,Sep,1.0,,1,,,1.0,,Unknown (mummified remains),"Pima Couny jurisdiction, Arizona, USA (see coordinates for exact location)",Pima County Office of the Medical Examiner,"31.654940500000, -112.088417200000",Central America to US,http://www.humaneborders.info/app/mapa.asp,Northern America,5
52405,US-Mexico Border,"September 11, 2019",2019,Sep,2.0,,2,35.0,1.0,1.0,1.0,Drowning,"Río Bravo, near San Felipe Creek, Del Rio, Val Verde County, Texas","CNN, Univisión, Telemundo","29.326039842099, -100.919307459890",,"https://cnn.it/2mmuLE9, http://bit.ly/2kHXZ00, https://tlmdo.co/2lZ6zrh",Northern America,3
52696,US-Mexico Border,"September 09, 2019",2019,Sep,1.0,,1,,,1.0,,Unknown (skeletal remains),"Pima County jurisdiction, Arizona, USA",Pima County Office of the Medical Examiner,"31.349332500000, -110.139376200000",,http://www.humaneborders.info/,Northern America,5
52695,US-Mexico Border,"September 07, 2019",2019,Sep,1.0,,1,,,1.0,,Probable hyperthermia,"Pima County jurisdiction, Arizona, USA",Pima County Office of the Medical Examiner,"32.057499000000, -111.666072500000",,http://www.humaneborders.info/,Northern America,5
51998,US-Mexico Border,"September 06, 2019",2019,Sep,1.0,,1,,,1.0,,Sickness,"Hospital in San Antonio, Texas after being rescued from the Río Bravo near Eagle Pass, Maverick County, Texas, USA",US Border Patrol,"29.424121900000, -98.493628200000",,http://bit.ly/2lEKVbI,Northern America,5
52671,US-Mexico Border,"September 06, 2019",2019,Sep,1.0,,1,,,1.0,,Unknown (skeletal remains),"Pima County jurisdiction, Arizona, USA (see coordinates for exact location)",Pima County Office of the Medical Examiner,"31.964036100000, -111.953480900000",,http://www.humaneborders.info/app/mapa.asp,Northern America,5
52407,US-Mexico Border,"September 04, 2019",2019,Sep,1.0,,1,,,1.0,,Drowning,"Río Bravo, near Eagle Pass, Maverick County, Texas, USA",La Rancherita del Aire,"28.719389776553, -100.507124167020",,http://bit.ly/2lSl3cg,Northern America,1
51992,US-Mexico Border,"September 01, 2019",2019,Sep,1.0,,1,,,,,Drowning,"American Canal near El Paso, El Paso County, Texas, USA",US Border Patrol,"31.751634695944, -106.492510924610",,http://bit.ly/2lzTlky,Northern America,5
52416,US-Mexico Border,"August 31, 2019",2019,Aug,1.0,,1,,,1.0,,Probable hyperthermia,"Pima County jurisdiction, Arizona, USA",Pima County Office of the Medical Examiner,"31.545539900000, -111.307293900000",,http://www.humaneborders.info/,Northern America,5
51982,US-Mexico Border,"August 28, 2019",2019,Aug,1.0,,1,,,1.0,,Dehydration,"Ranch in Dimmit County, Texas, USA","SuperChannel12, Zócalo","28.411651400000, -99.812493500000",,"http://bit.ly/2jSFdCs, http://bit.ly/2kdDqZ4",Northern America,3
52420,US-Mexico Border,"August 27, 2019",2019,Aug,1.0,,1,,,1.0,,Probable hyperthermia,"Pima County jurisdiction, Arizona, USA",Pima County Office of the Medical Examiner,"31.969853700000, -111.427588800000",,http://www.humaneborders.info/,Northern America,5
52421,US-Mexico Border,"August 26, 2019",2019,Aug,1.0,,1,,1.0,,,Unknown (skeletal remains),"Pima County jurisdiction, Arizona, USA (see coordinates for exact location)",Pima County Office of the Medical Examiner,"31.586669000000, -111.753637200000",Central America to US,http://www.humaneborders.info/app/mapa.asp,Northern America,5
51974,US-Mexico Border,"August 24, 2019",2019,Aug,1.0,,1,1.0,1.0,,,Dehydration,"Ranch in Dimmit County, Texas, USA","Zócalo, Breitbart","28.411651400000, -99.812493500000",,"http://bit.ly/2LdLp1v, http://bit.ly/30J61p5",Northern America,3
51975,US-Mexico Border,"August 24, 2019",2019,Aug,1.0,,1,,,,,Presumed drowning,"Río Bravo, near Mission, Hidalgo County, Texas, USA",US Border Patrol,"26.166658691056, -98.337147645366",,http://bit.ly/2UfBpcj,Northern America,5
52419,US-Mexico Border,"August 24, 2019",2019,Aug,1.0,,1,,,,,Unknown (skeletal remains),"Pima County jurisdiction, Arizona, USA (see coordinates for exact location)",Pima County Office of the Medical Examiner,"32.340439000000, -111.778268200000",Central America to US,http://www.humaneborders.info/app/mapa.asp,Northern America,5
51976,US-Mexico Border,"August 24, 2019",2019,Aug,1.0,,1,,,,,Unknown,"Ranch in Kenedy County, Texas, USA",US Border Patrol,"26.869714700000, -97.698227200000",,http://bit.ly/2UfBpcj,Northern America,5
52418,US-Mexico Border,"August 23, 2019",2019,Aug,1.0,,1,,,1.0,,Probable hyperthermia,"Pima County jurisdiction, Arizona, USA (see coordinates for exact location)",Pima County Office of the Medical Examiner,"31.605656100000, -111.522981700000",Central America to US,http://www.humaneborders.info/app/mapa.asp,Northern America,5
52417,US-Mexico Border,"August 22, 2019",2019,Aug,1.0,,1,,,1.0,,Probable hyperthermia,"Pima County jurisdiction, Arizona, USA (see coordinates for exact location)",Pima County Office of the Medical Examiner,"32.057701900000, -112.143021500000",Central America to US,http://www.humaneborders.info/app/mapa.asp,Northern America,5
51972,US-Mexico Border,"August 22, 2019",2019,Aug,1.0,,1,,,,,Presumed drowning,"Río Bravo, near Havana, Hidalgo County, Texas, USA",US Border Patrol,"26.226310823479, -98.516633818581",,http://bit.ly/2UfBpcj,Northern America,5
51971,US-Mexico Border,"August 21, 2019",2019,Aug,2.0,,2,,,1.0,,Unknown (skeletal remains),"Ranch south of the Falfurrias Border Patrol Checkpoint on U.S. Highway 281, near Encino, Brooks County, Texas, USA",Brooks County Sheriff's Office via Breitbart News,"26.982052175409, -98.096525608378",,http://bit.ly/2ZpfG7m,Northern America,1
51970,US-Mexico Border,"August 20, 2019",2019,Aug,1.0,,1,,,1.0,,Dehydration,"Ranch north of the Falfurrias Border Patrol Checkpoint on U.S. Highway 281, Brooks County, Texas, USA",Brooks County Sheriff's Office via Breitbart News,"27.049847012246, -98.168535616548",,http://bit.ly/2ZpfG7m,Northern America,1
52415,US-Mexico Border,"August 17, 2019",2019,Aug,1.0,,1,,,,,Unknown (skeletal remains),"Pima County jurisdiction, Arizona, USA (see coordinates for exact location)",Pima County Office of the Medical Examiner,"32.127686900000, -112.121001600000",Central America to US,http://www.humaneborders.info/app/mapa.asp,Northern America,5
52414,US-Mexico Border,"August 15, 2019",2019,Aug,1.0,,1,,1.0,,,Probable hyperthermia,"Pima County jurisdiction, Arizona, USA (see coordinates for exact location)",Pima County Office of the Medical Examiner,"31.395761300000, -110.187910600000",Central America to US,http://www.humaneborders.info/app/mapa.asp,Northern America,5
52413,US-Mexico Border,"August 14, 2019",2019,Aug,1.0,,1,,,1.0,,Probable hyperthermia,"Pima County jurisdiction, Arizona, USA (see coordinates for exact location)",Pima County Office of the Medical Examiner,"32.057701900000, -112.143021500000",Central America to US,http://www.humaneborders.info/app/mapa.asp,Northern America,5
51954,US-Mexico Border,"August 13, 2019",2019,Aug,1.0,,1,,,1.0,,Unknown,"Unspecified ranch in Brooks County, Texas near U.S. Highway 281 Border Patrol checkpoint",Breitbart Texas,"26.800871463193, -98.101282160961",,http://bit.ly/2Tze30N,Northern America,1
52410,US-Mexico Border,"August 12, 2019",2019,Aug,1.0,,1,,,1.0,,Unknown,"Pima County jurisdiction, Arizona, USA (see coordinates for exact location)",Pima County Office of the Medical Examiner,"32.110862200000, -111.664848600000",Central America to US,http://www.humaneborders.info/app/mapa.asp,Northern America,5
52411,US-Mexico Border,"August 12, 2019",2019,Aug,1.0,,1,,,,,Unknown (skeletal remains),"Pima County jurisdiction, Arizona, USA (see coordinates for exact location)",Pima County Office of the Medical Examiner,"32.124401300000, -111.722357500000",Central America to US,http://www.humaneborders.info/app/mapa.asp,Northern America,5
51991,US-Mexico Border,"August 11, 2019",2019,Aug,3.0,,3,,2.0,1.0,,Suffocation,"San Diego County, California, USA","NBC, Kusi News","32.684859100000, -117.044583700000",,"http://bit.ly/2lxwXIJ, http://bit.ly/2ktQLMT",Northern America,3
51949,US-Mexico Border,"August 10, 2019",2019,Aug,1.0,,1,,,1.0,,Unknown,"Near La Grulla, Starr County, Texas, USA",AP,"26.257108089834, -98.636932432800",,"https://bit.ly/2N7mUpz, http://bit.ly/2Tze30N, https://bit.ly/31GPO3U",Northern America,3
52408,US-Mexico Border,"August 09, 2019",2019,Aug,1.0,,1,,,1.0,,Hyperthermia,"Pima County jurisdiction, Arizona, USA (see coordinates for exact location)",Pima County Office of the Medical Examiner,"31.591246000000, -111.089136500000",Central America to US,http://www.humaneborders.info/app/mapa.asp,Northern America,5
52409,US-Mexico Border,"August 09, 2019",2019,Aug,1.0,,1,,,1.0,,Hyperthermia,"Pima County jurisdiction, Arizona, USA (see coordinates for exact location)",Pima County Office of the Medical Examiner,"31.911973400000, -111.882153100000",Central America to US,http://www.humaneborders.info/app/mapa.asp,Northern America,5
51947,US-Mexico Border,"August 09, 2019",2019,Aug,1.0,,1,,,1.0,,Unknown,"Ranch near Sarita checkpoint, Kenedy County, Texas, USA",AP,"27.198533249885, -97.812651847266",,"https://bit.ly/2N7mUpz, http://bit.ly/2Tze30N",Northern America,3
51946,US-Mexico Border,"August 08, 2019",2019,Aug,1.0,,1,,,,,Unknown,"Near Sullivan City, Hidalgo County, Texas, USA",AP,"26.270817082003, -98.593158756836",,"https://bit.ly/2N7mUpz, http://bit.ly/2Tze30N",Northern America,3
51940,US-Mexico Border,"August 06, 2019",2019,Aug,1.0,,1,,,,,Drowning,"Río Bravo, near Bowles Ranch, Eagle Pass, Maverick County, Texas, USA",Zócalo,"28.749602003299, -100.453633473300",,http://bit.ly/31kMaMI,Northern America,1
52406,US-Mexico Border,"August 05, 2019",2019,Aug,1.0,,1,,,1.0,,Unknown (skeletal remains),"Pima County jurisdiction, Arizona, USA (see coordinates for exact location)",Pima County Office of the Medical Examiner,"32.481200700000, -111.667840700000",Central America to US,http://www.humaneborders.info/app/mapa.asp,Northern America,5
51937,US-Mexico Border,"August 03, 2019",2019,Aug,1.0,,1,8.0,,1.0,,Dehydration,"Comanche ranch, Maverick County, Texas, USA","US Border Patrol, Zócalo","28.624902866605, -100.158129172730",,"http://bit.ly/2GSHpCj, http://bit.ly/31kI7QD",Northern America,5
52422,US-Mexico Border,"August 03, 2019",2019,Aug,1.0,,1,,,1.0,,Drowning,"Río Bravo, near Mission, Hidalgo County, Texas, USA",Chiapas Sin Censura,"26.166204168380, -98.335677746760",,http://bit.ly/2kj0vtm,Northern America,1
51917,US-Mexico Border,"August 02, 2019",2019,Aug,1.0,,1,,,1.0,,Dehydration,"Kunafin Junfin ranch, near Normandy, Maverick County, Texas, USA","La Rancherita del Aire, Zócalo","28.908961809038, -100.600107187710",,"http://bit.ly/2T5l7lL, http://bit.ly/2YMSX0c",Northern America,3
51911,US-Mexico Border,"August 01, 2019",2019,Aug,1.0,,1,1.0,,1.0,,Sickness,"Died at the Lordsburg Border Patrol Station in New Mexico, USA, just hours after being apprehended near El Paso",US Border Patrol,"32.348230000000, -108.745486700000",,"http://bit.ly/2Mynhco, https://cbsn.ws/2ZuGOhq, https://reut.rs/31leX3A",Northern America,5
51908,US-Mexico Border,"July 31, 2019",2019,Jul,1.0,,1,,,1.0,,Dehydration,"La Paloma ranch, near Highway 57, Maverick County, Texas, USA","La Rancherita del Aire, Zócalo","28.788046840156, -100.399340051310",,"http://bit.ly/2T5l7lL, http://bit.ly/2YMSX0c",Northern America,3
51933,US-Mexico Border,"July 31, 2019",2019,Jul,2.0,,2,,,,,Unknown,"Different locations in Brooks County, Texas, USA",Brooks County Sheriff's Office via Breitbart News,"27.081117540308, -98.200171188456",,http://bit.ly/33menV4,Northern America,1
51931,US-Mexico Border,"July 29, 2019",2019,Jul,1.0,,1,,,,,Unknown (skeletal remains),"Ranch near the Falfurrias Border Patrol Checkpoint on Highway 281, Brooks County, Texas, USA",Brooks County Sheriff's Office via Breitbart News,"27.009070649842, -98.076525118501",,http://bit.ly/33menV4,Northern America,1
51903,US-Mexico Border,"July 29, 2019",2019,Jul,1.0,,1,1.0,1.0,,,Drowning,"Canal near the César Chávez Border Highway at Yarbrough, El Paso, El Paso County, Texas, USA","El Paso Police Department, El Paso Times, El Diario, Prensa Libre","31.710822977115, -106.368404026530",,"http://bit.ly/2YyR6jh, http://bit.ly/2YxoqDd, http://bit.ly/2yrv7Mw, http://bit.ly/2ODWHRG",Northern America,5
51930,US-Mexico Border,"July 28, 2019",2019,Jul,1.0,,1,,,1.0,,Unknown,"Ranch north of Falfurrias, Brooks County, Texas, USA",Brooks County Sheriff's Office via Breitbart News,"27.276826238812, -98.061468795878",,http://bit.ly/33menV4,Northern America,1
51901,US-Mexico Border,"July 27, 2019",2019,Jul,1.0,,1,1.0,1.0,,,Dehydration,"Body recovered along the boundary of the Barry M. Goldwater Bombing Range, Yuma County, Arizona, USA",KYMA,"32.403532528465, -113.705843930820",,http://bit.ly/331wTlK,Northern America,1
51943,US-Mexico Border,"July 27, 2019",2019,Jul,4.0,,4,,,,,Drowning,"El Centro, Imperial County, California, USA",Desert Sun,"32.757037478041, -115.566391980990",,https://bit.ly/33zJAEx,Northern America,1
51895,US-Mexico Border,"July 25, 2019",2019,Jul,1.0,,1,,,1.0,,Drowning,"Río Bravo, near Santa Ana National Wildlife Refugee, Hidalgo County, Texas, USA","El Mañana, Zócalo, Noticias al Día","26.054200041735, -98.141739029125",,"http://bit.ly/2yopgYc, http://bit.ly/2SK5os4, http://bit.ly/2mZlkLG",Northern America,3
52404,US-Mexico Border,"July 24, 2019",2019,Jul,1.0,,1,,,1.0,,Unknown,"Pima County jurisdiction, Arizona, USA (see coordinates for exact location)",Pima County Office of the Medical Examiner,"32.057701900000, -112.143021500000",Central America to US,http://www.humaneborders.info/app/mapa.asp,Northern America,5
51929,US-Mexico Border,"July 23, 2019",2019,Jul,1.0,,1,,,1.0,,Unknown,"Ranch near Encino, Brooks County, Texas, USA",Brooks County Sheriff's Office via Breitbart News,"26.929552244014, -98.242094456034",,http://bit.ly/33menV4,Northern America,1
52403,US-Mexico Border,"July 22, 2019",2019,Jul,1.0,,1,,,1.0,,Unknown,"Pima County jurisdiction, Arizona, USA (see coordinates for exact location)",Pima County Office of the Medical Examiner,"32.129207900000, -111.146947700000",Central America to US,http://www.humaneborders.info/app/mapa.asp,Northern America,5
52401,US-Mexico Border,"July 22, 2019",2019,Jul,1.0,,1,,,1.0,,Unknown,"Pima Couny jurisdiction, Arizona, USA (see coordinates for exact location)",Pima County Office of the Medical Examiner,"32.331803200000, -112.524509300000",Central America to US,http://www.humaneborders.info/app/mapa.asp,Northern America,5
51893,US-Mexico Border,"July 22, 2019",2019,Jul,2.0,,2,,1.0,1.0,,Dehydration,"Desert near Arizona State Route 86, Pima County, Arizona, USA",Águilas del Desierto via Phoenix New Times,"31.994554632983, -112.006083362580",,http://bit.ly/2Y7beK9,Northern America,1
52400,US-Mexico Border,"July 22, 2019",2019,Jul,1.0,,1,,,1.0,,Unknown (skeletal remains),"Pima Couny jurisdiction, Arizona, USA (see coordinates for exact location)",Pima County Office of the Medical Examiner,"32.373978500000, -111.457253300000",Central America to US,http://www.humaneborders.info/app/mapa.asp,Northern America,5
52402,US-Mexico Border,"July 22, 2019",2019,Jul,1.0,,1,,1.0,,,Probable hyperthermia,"Pima Couny jurisdiction, Arizona, USA (see coordinates for exact location)",Pima County Office of the Medical Examiner,"32.129207900000, -111.146947700000",Central America to US,http://www.humaneborders.info/app/mapa.asp,Northern America,5
51887,US-Mexico Border,"July 21, 2019",2019,Jul,1.0,,1,,,1.0,,Drowning,"Canal in ranch in Maverick County, Texas, USA","La Rancherita del Aire, Zócalo","28.715580848881, -100.394364241040",,"http://bit.ly/2OiHLsc, http://bit.ly/2JUaxex",Northern America,3
51963,US-Mexico Border,"July 20, 2019",2019,Jul,1.0,,1,,,1.0,,Unknown,"Body recovered near Phoenix, Arizona, USA","CONAMIGUA, Todo Nocitas","33.179906060642, -112.241578803910",,"http://bit.ly/2VEZry4, https://bit.ly/2ZiT0pi, https://bit.ly/325Hkn4",Northern America,5
51942,US-Mexico Border,"July 20, 2019",2019,Jul,1.0,,1,,,1.0,,Hypothermia,"Near El Centro, Imperial County, California, USA",The San Diego Union Tribune,"32.756800460358, -115.643388924410",,https://bit.ly/2KJ3jJd,Northern America,1
52399,US-Mexico Border,"July 20, 2019",2019,Jul,1.0,,1,,,1.0,,Unknown,"Pima Couny jurisdiction, Arizona, USA (see coordinates for exact location)",Pima County Office of the Medical Examiner,"32.573573200000, -111.917944700000",Central America to US,http://www.humaneborders.info/app/mapa.asp,Northern America,5
52398,US-Mexico Border,"July 19, 2019",2019,Jul,1.0,,1,,1.0,,,Unknown (skeletal remains),"Pima Couny jurisdiction, Arizona, USA (see coordinates for exact location)",Pima County Office of the Medical Examiner,"31.535548300000, -111.386271500000",Central America to US,http://www.humaneborders.info/app/mapa.asp,Northern America,5
51928,US-Mexico Border,"July 18, 2019",2019,Jul,1.0,,1,,,1.0,,Unknown,"Ranch southwest of Falfurrias, Brooks County, Texas, USA",Brooks County Sheriff's Office via Breitbart,"27.137592559984, -98.230383590799",,http://bit.ly/33menV4,Northern America,1
51927,US-Mexico Border,"July 17, 2019",2019,Jul,1.0,,1,,1.0,,,Unknown,"Ranch southwest of the Falfurrias Border Patrol Checkpoint on Highway 281, Brooks County, Texas, USA",Brooks County Sheriff's Office via Breitbart,"26.985855502773, -98.197718050630",,http://bit.ly/33menV4,Northern America,1
51867,US-Mexico Border,"July 16, 2019",2019,Jul,1.0,,1,,,1.0,,Drowning,"Río Bravo, near International Bridge 1, Eagle Pass, Maverick County, Texas, USA",Zócalo,"28.705314967217, -100.511613685030",,http://bit.ly/2Sk6nPi,Northern America,1
52397,US-Mexico Border,"July 15, 2019",2019,Jul,1.0,,1,,,1.0,,Probable hyperthermia,"Pima Couny jurisdiction, Arizona, USA (see coordinates for exact location)",Pima County Office of the Medical Examiner,"31.797256200000, -111.813408800000",Central America to US,http://www.humaneborders.info/app/mapa.asp,Northern America,5
52396,US-Mexico Border,"July 15, 2019",2019,Jul,1.0,,1,,,,,Probable hyperthermia,"Pima Couny jurisdiction, Arizona, USA (see coordinates for exact location)",Pima County Office of the Medical Examiner,"32.057701900000, -112.143021500000",Central America to US,http://www.humaneborders.info/app/mapa.asp,Northern America,5
51926,US-Mexico Border,"July 15, 2019",2019,Jul,1.0,,1,,,,,Unknown,"Ranch southwest of the Falfurrias Border Patrol Checkpoint on Highway 281, Brooks County, Texas, USA",Brooks County Sheriff's Office via Breitbart News,"26.975792985096, -98.187075045258",,http://bit.ly/33menV4,Northern America,1
51866,US-Mexico Border,"July 14, 2019",2019,Jul,1.0,,1,,,1.0,,Drowning,"Río Bravo, near Brownsville, Cameron County, Texas, USA","El Sol de Tampico, Hoy Tamaulipas","25.900962109470, -97.525633099634",,"http://bit.ly/30yYs3F, http://bit.ly/2YU19MF",Northern America,3
51925,US-Mexico Border,"July 14, 2019",2019,Jul,1.0,,1,,,1.0,,Unknown,"Ranch west of Falfurrias, Brooks County, Texas, USA",Brooks County Sheriff's Office via Breitbart News,"27.208588228963, -98.238623336893",,http://bit.ly/33menV4,Northern America,1
52395,US-Mexico Border,"July 13, 2019",2019,Jul,1.0,,1,,,1.0,,Probable hyperthermia,"Pima Couny jurisdiction, Arizona, USA (see coordinates for exact location)",Pima County Office of the Medical Examiner,"32.057701900000, -112.143021500000",Central America to US,http://www.humaneborders.info/app/mapa.asp,Northern America,5
52394,US-Mexico Border,"July 12, 2019",2019,Jul,1.0,,1,,,1.0,,Probable hyperthermia,"Pima Couny jurisdiction, Arizona, USA (see coordinates for exact location)",Pima County Office of the Medical Examiner,"32.057701900000, -112.143021500000",Central America to US,http://www.humaneborders.info/app/mapa.asp,Northern America,5
52393,US-Mexico Border,"July 12, 2019",2019,Jul,1.0,,1,,,1.0,,Probable hyperthermia,"Pima Couny jurisdiction, Arizona, USA (see coordinates for exact location)",Pima County Office of the Medical Examiner,"32.331803200000, -112.524509300000",Central America to US,http://www.humaneborders.info/app/mapa.asp,Northern America,5
51924,US-Mexico Border,"July 11, 2019",2019,Jul,1.0,,1,,1.0,,,Unknown,"Ranch northeast of the Falfurrias Border Patrol Checkpoint on Highway 281, Brooks County, Texas, USA",Brooks County Sheriff's Office via Breitbart News,"27.067851841443, -98.073091890962",,http://bit.ly/33menV4,Northern America,1
51884,US-Mexico Border,"July 07, 2019",2019,Jul,1.0,,1,,,1.0,,Dehydration,"Ranch located on U.S. Highway 285 west of Falfurrias, Brooks County, Texas, USA",Brooks County Sheriff's Office via Breitbart News,"27.253449766985, -98.254332890286",,http://bit.ly/2ZgjiEY,Northern America,1
52669,US-Mexico Border,"July 07, 2019",2019,Jul,1.0,,1,,,,,Unknown (mummified remains),"Pima County jurisdiction, Arizona, USA",Pima County Office of the Medical Examiner,"31.654940500000, -112.088417200000",,http://www.humaneborders.info/app/mapa.asp,Northern America,5
52392,US-Mexico Border,"July 07, 2019",2019,Jul,1.0,,1,,,1.0,,Probable hypothermia,"Pima Couny jurisdiction, Arizona, USA (see coordinates for exact location)",Pima County Office of the Medical Examiner,"32.057701900000, -112.143021500000",Central America to US,http://www.humaneborders.info/app/mapa.asp,Northern America,5
52390,US-Mexico Border,"July 06, 2019",2019,Jul,1.0,,1,,,1.0,,Unknown (skeletal remains),"Pima Couny jurisdiction, Arizona, USA (see coordinates for exact location)",Pima County Office of the Medical Examiner,"32.057499000000, -111.666072500000",Central America to US,http://www.humaneborders.info/app/mapa.asp,Northern America,5
51829,US-Mexico Border,"July 05, 2019",2019,Jul,1.0,,1,36.0,,1.0,,Unknown,"Hospital in Tucson, Pima County, Arizona, USA - shortly after being apprehended by US Border Patrol agents west of Sasabe, Pima County, Arizona",US Border Patrol,"32.242930100000, -110.946201300000",Central America to US,http://bit.ly/2S1f2Gf,Northern America,5
51852,US-Mexico Border,"July 05, 2019",2019,Jul,,1.0,1,,,1.0,,Sickness and lack of access to medicines,"Ranch near Loop 1604 and Pleasanton Road, near San Antonio, Bexar County, Texas, USA","Bexar County Sheriff's Office, CBS","29.207827735338, -98.507496358502",,"http://bit.ly/2GdQghv, http://bit.ly/2XS3Kpl",Northern America,5
51883,US-Mexico Border,"July 04, 2019",2019,Jul,1.0,,1,3.0,,1.0,,Vehicle Accident,"Loop 375 near Paisano Drive, El Paso, El Paso County, Texas, USA","Diario19, CBS4","31.762964918642, -106.446077661120",,"http://bit.ly/2YfTfMz, http://bit.ly/2Y321Cs",Northern America,3
51874,US-Mexico Border,"July 03, 2019",2019,Jul,1.0,,1,,1.0,,,Unknown,"Ranch southwest of the US Border Patrol checkpoint in Falfurrias, Brooks County, Texas, USA",Brooks County Sheriff's Office via Breitbart News,"27.025097300000, -98.138399500000",,http://bit.ly/2Y8GiUG,Northern America,1
52389,US-Mexico Border,"July 03, 2019",2019,Jul,1.0,,1,,,1.0,,Unknown (skeletal remains),"Pima Couny jurisdiction, Arizona, USA (see coordinates for exact location)",Pima County Office of the Medical Examiner,"32.057499000000, -111.666072500000",Central America to US,http://www.humaneborders.info/app/mapa.asp,Northern America,5
52388,US-Mexico Border,"July 03, 2019",2019,Jul,1.0,,1,,,1.0,,Unknown (skeletal remains),"Pima Couny jurisdiction, Arizona, USA (see coordinates for exact location)",Pima County Office of the Medical Examiner,"32.004629000000, -113.225121800000",Central America to US,http://www.humaneborders.info/app/mapa.asp,Northern America,5
51818,US-Mexico Border,"July 01, 2019",2019,Jul,1.0,,1,8.0,,1.0,1.0,Presumed drowning,"Río Bravo, near Del Rio, Val Verde County, Texas, USA","US Border Patrol, El Diario de Coahuila	","29.769623100000, -101.252379200000",Central America to US,"http://bit.ly/2LxOiw0, http://bit.ly/2RRu6Gm, http://bit.ly/30p2CLB",Northern America,5
52387,US-Mexico Border,"July 01, 2019",2019,Jul,1.0,,1,,,1.0,,Hypothermia,"Pima Couny jurisdiction, Arizona, USA (see coordinates for exact location)",Pima County Office of the Medical Examiner,"31.771801900000, -111.924265100000",Central America to US,http://www.humaneborders.info/app/mapa.asp,Northern America,5
51812,US-Mexico Border,"June 30, 2019",2019,Jun,1.0,,1,1.0,,1.0,,Unknown,"Hospital in McAllen, Hidalgo County, Texas, USA - was in CBP custody for a week after crossing the US-Mexico border",US Border Patrol,"26.186448000000, -98.220718500000",Central America to US,"http://bit.ly/2XAlhGs, http://bit.ly/2RMaFiv",Northern America,5
51814,US-Mexico Border,"June 30, 2019",2019,Jun,1.0,,1,,,1.0,,Injuries after falling from border wall,"International boundary fence in Nogales, Santa Cruz County, Arizona, USA",US Border Patrol	,"31.333228800000, -110.938007900000",Central America to US,http://bit.ly/2YuFs5Z,Northern America,5
51873,US-Mexico Border,"June 29, 2019",2019,Jun,1.0,,1,,,1.0,,Unknown,"Ranch near the US Border Patrol checkpoint in Falfurrias, Brooks County, Texas, USA",Brooks County Sheriff's Office via Breitbart News,"27.025097300000, -98.138399500000",,http://bit.ly/2Y8GiUG,Northern America,1
51845,US-Mexico Border,"June 29, 2019",2019,Jun,1.0,,1,,,1.0,,Unknown,"Pima County jurisdiction, Arizona, USA (see coordinates for exact location)",Pima County Office of the Medical Examiner,"32.331803200000, -112.524509300000",,http://www.humaneborders.info/app/mapa.asp,Northern America,5
51798,US-Mexico Border,"June 26, 2019",2019,Jun,1.0,,1,,1.0,,,Presumed drowning,"Río Bravo, Riverside Canal, near Herring Road, Clint, Texas, USA","El Universal, Prensa Libre","31.567686900000, -106.243756300000",Central America to US,"https://bit.ly/2NgIbhZ, https://bit.ly/2IQ9xYa",Northern America,3
51872,US-Mexico Border,"June 25, 2019",2019,Jun,1.0,,1,,,1.0,,Unknown,"Ranch near the US Border Patrol checkpoint in Falfurrias, Brooks County, Texas, USA",Brooks County Sheriff's Office via Breitbart News,"27.025097300000, -98.138399500000",,http://bit.ly/2Y8GiUG,Northern America,1
51809,US-Mexico Border,"June 25, 2019",2019,Jun,1.0,,1,,,1.0,,Drowning,"Río Bravo, two miles northeast of the Eagle Pass Port of Entry, Eagle Pass, Maverick County, Texas, USA",US Border Patrol,"28.714321973443, -100.507155908750",Central America to US,http://bit.ly/2RNX4qB,Northern America,5
51844,US-Mexico Border,"June 25, 2019",2019,Jun,1.0,,1,,,1.0,,Unknown,"Pima County jurisdiction, Arizona, USA (see coordinates for exact location)",Pima County Office of the Medical Examiner,"32.057499000000, -111.666072500000",,http://www.humaneborders.info/app/mapa.asp,Northern America,5
51794,US-Mexico Border,"June 23, 2019",2019,Jun,4.0,,4,,1.0,,3.0,"Dehydration, Exposure","Bodies recovered southeast of the Anzalduas Park in Las Palomas Wildlife Management Area, Hidalgo County, Texas, USA - near border with Mexico","Hidalgo County Sheriff's Office, Los Angeles Times","26.138404700000, -98.328768700000",Central America to US,"http://bit.ly/2LdBjPO, https://cnn.it/2Lkc8eL, https://bit.ly/31OUEwC, https://lat.ms/2XwAngZ",Northern America,5
51806,US-Mexico Border,"June 21, 2019",2019,Jun,1.0,,1,,,1.0,,Vehicle Accident,"Brackettville, Kinney County, Texas, USA","Zócalo, Informate","29.301948600000, -100.424271900000",Central America to US,"https://bit.ly/2KH0hIa, https://bit.ly/326TkWe",Northern America,3
51802,US-Mexico Border,"June 20, 2019",2019,Jun,1.0,,1,,,,,Unknown,"On the banks of the Río Bravo, near Normandy, Maverick County, Texas, USA","US Border Patrol, Reuters","28.908531900000, -100.633761400000",Central America to US,"http://bit.ly/2YmE45m, https://bit.ly/2YhvdBQ, https://reut.rs/2J50L7F",Northern America,5
51801,US-Mexico Border,"June 20, 2019",2019,Jun,1.0,,1,,,1.0,,Unknown,"Ranch near Carrizo Springs, Dimmit County, Texas, USA","US Border Patrol, Reuters","28.522501600000, -99.839891300000",Central America to US,"http://bit.ly/2YmE45m, https://bit.ly/2YhvdBQ, https://reut.rs/2J50L7F",Northern America,5
51790,US-Mexico Border,"June 19, 2019",2019,Jun,1.0,,1,,,1.0,,Unknown,"Mountain area near Ocotillo, Imperial County, California, USA","El Heraldo, Tribuna","32.757494400000, -115.982532000000",Central America to US,"https://bit.ly/2WSNQdB, https://bit.ly/2J2F9sy",Northern America,3
51799,US-Mexico Border,"June 19, 2019",2019,Jun,1.0,,1,,,1.0,,Unknown,"Ranch near Carrizo Springs, Dimmit County, Texas, USA","US Border Patrol, Reuters","28.479950800000, -99.864724700000",Central America to US,"https://reut.rs/2J50L7F, https://bit.ly/2YhvdBQ, http://bit.ly/2YmE45m",Northern America,5
51843,US-Mexico Border,"June 15, 2019",2019,Jun,1.0,,1,,,1.0,,Unknown (skeletal remains),"Pima County jurisdiction, Arizona, USA (see coordinates for exact location)",Pima County Office of the Medical Examiner,"32.057499000000, -111.666072500000",,http://www.humaneborders.info/app/mapa.asp,Northern America,5
51827,US-Mexico Border,"June 14, 2019",2019,Jun,1.0,,1,1.0,1.0,,,Malnutrition,"Unspecified location in the desert in Pima County, Arizona, USA","El Periódico, Debate, Prensa Libre","32.001238000000, -111.945235500000",Central America to US,"http://bit.ly/2xxW2FV, http://bit.ly/30iw5Xh, http://bit.ly/2YHAUci",Northern America,5
51842,US-Mexico Border,"June 13, 2019",2019,Jun,1.0,,1,,,1.0,,Hanging,"Pima County jurisdiction, Arizona, USA (see coordinates for exact location)",Pima County Office of the Medical Examiner,"31.850965100000, -112.002645600000",,http://www.humaneborders.info/app/mapa.asp,Northern America,5
51757,US-Mexico Border,"June 12, 2019",2019,Jun,1.0,,1,4.0,1.0,,,Hyperthermia,"17 miles west of Lukeville, Pima County, Arizona, USA",Search Continues After Young Girl Found Deceased West of Lukeville,"31.915388342452, -112.925537843590",Central America to US,"http://bit.ly/2wTdPXT, http://bit.ly/2IT0BjI, http://bit.ly/2Inlswu",Northern America,5
51752,US-Mexico Border,"June 12, 2019",2019,Jun,2.0,,2,,1.0,1.0,1.0,Drowning,"Lower Valley canal, at the 700 block of S. Zaragoza Road and S Americas Avenue, El Paso, El Paso County, Texas, USA","La Jornada, CBS, El Paso Times","31.674166602670, -106.337425829110",Central America to US,"http://bit.ly/2RclUjT, http://bit.ly/2If53dn, http://bit.ly/2IGqByt",Northern America,3
51749,US-Mexico Border,"June 10, 2019",2019,Jun,3.0,,3,,,3.0,,Drowning,"Bodies recovered from a storm water drain near Ascarate Park, next to the César Chávez Border Highway by Fonseca Drive, El Paso, El Paso County, Texas, USA",El Paso Times,"31.675628311792, -106.333742785180",Central America to US,"http://bit.ly/2WCHsfz, http://bit.ly/2IGqByt",Northern America,3
51750,US-Mexico Border,"June 10, 2019",2019,Jun,1.0,,1,,,1.0,,Drowning,"Body recovered from canal in the 6000 block of Upper Valley Road, El Paso, El Paso County, Texas, USA",El Paso Times,"31.870028153990, -106.611635129640",Central America to US,"http://bit.ly/2WCHsfz, http://bit.ly/2IGqByt",Northern America,3
51841,US-Mexico Border,"June 10, 2019",2019,Jun,1.0,,1,,,1.0,,Unknown (mummified and decomposed remains),"Pima County jurisdiction, Arizona, USA (see coordinates for exact location)",Pima County Office of the Medical Examiner,"32.443831900000, -111.795219200000",,http://www.humaneborders.info/app/mapa.asp,Northern America,5
51748,US-Mexico Border,"June 08, 2019",2019,Jun,1.0,,1,,1.0,,,Drowning,"Body found in a canal along Passmore Road, Socorro, El Paso County, Texas, USA",El Paso Times,"31.622061900000, -106.276080000000",Central America to US,"http://bit.ly/2WCHsfz, http://bit.ly/2IGqByt",Northern America,3
51747,US-Mexico Border,"June 07, 2019",2019,Jun,2.0,,2,,,2.0,,Drowning,"Río Bravo, near Eagle Pass Bridge No. 1, Eagle Pass, Maverick County, Texas, USA",US Border Patrol,"28.706046434039, -100.511775809540",Central America to US,http://bit.ly/2MEOdso,Northern America,5
51746,US-Mexico Border,"June 07, 2019",2019,Jun,1.0,,1,,,1.0,,Unknown,"Ranch near Carrizo Springs, Dimmit County, Texas, USA",US Border Patrol,"28.521344741450, -99.975967145312",Central America to US,http://bit.ly/2WBIMPx,Northern America,5
51840,US-Mexico Border,"June 07, 2019",2019,Jun,1.0,,1,,,1.0,,Probable hyperthermia,"Pima County jurisdiction, Arizona, USA (see coordinates for exact location)",Pima County Office of the Medical Examiner,"31.978130900000, -112.265964000000",,http://www.humaneborders.info/app/mapa.asp,Northern America,5
51739,US-Mexico Border,"June 05, 2019",2019,Jun,6.0,,6,10.0,,6.0,,Vehicle Accident,"Highway 77 near Robstown, Nueces County, Texas","AP, KIII TV South Texas, El Diario.mx","27.779169200000, -97.664032000000",Central America to US,"https://bit.ly/2HWnTWh, https://bit.ly/2HXJY6Y, https://bit.ly/2EV1Q0t",Northern America,3
51745,US-Mexico Border,"June 05, 2019",2019,Jun,1.0,,1,,1.0,,,Dehydration,"Ranch near Carrizo Springs, Dimmit County, Texas, USA",US Border Patrol,"28.461656364922, -99.915542340625",Central America to US,http://bit.ly/2WBIMPx,Northern America,5
51839,US-Mexico Border,"June 04, 2019",2019,Jun,1.0,,1,,,1.0,,Unknown (skeletal remains),"Pima County jurisdiction, Arizona, USA (see coordinates for exact location)",Pima County Office of the Medical Examiner,"31.818892800000, -111.544109600000",,http://www.humaneborders.info/app/mapa.asp,Northern America,5
52670,US-Mexico Border,"June 04, 2019",2019,Jun,1.0,,1,,1.0,,,Unknown,"Near Eagle Pass, Texas, USA",CNN,"28.720512236168, -100.502868796850",,https://edition.cnn.com/2019/06/03/politics/third-death-at-border/index.html,Northern America,1
51737,US-Mexico Border,"June 04, 2019",2019,Jun,1.0,,1,,,1.0,,Dehydration,"Ranch near USBP checkpoint on U.S. Highway 281 near Falfurrias, Brooks County, Texas, USA",Nuevaya,"27.205285500000, -98.144746300000",Central America to US,"http://bit.ly/2WO2nLL, https://bit.ly/2WoN2C2",Northern America,3
51837,US-Mexico Border,"June 03, 2019",2019,Jun,1.0,,1,,,1.0,,Unknown (skeletal remains),"Pima County jurisdiction, Arizona, USA (see coordinates for exact location)",Pima County Office of the Medical Examiner,"32.331803200000, -112.524509300000",,http://www.humaneborders.info/app/mapa.asp,Northern America,5
51836,US-Mexico Border,"June 03, 2019",2019,Jun,1.0,,1,,,1.0,,Unknown (skeletal remains),"Pima County jurisdiction, Arizona, USA (see coordinates for exact location)",Pima County Office of the Medical Examiner,"32.057701900000, -112.143021500000",,http://www.humaneborders.info/app/mapa.asp,Northern America,5
51838,US-Mexico Border,"June 03, 2019",2019,Jun,1.0,,1,,,1.0,,Unknown (skeletal remains),"Pima County jurisdiction, Arizona, USA (see coordinates for exact location)",Pima County Office of the Medical Examiner,"32.057499000000, -111.666072500000",,http://www.humaneborders.info/app/mapa.asp,Northern America,5
51736,US-Mexico Border,"June 03, 2019",2019,Jun,1.0,,1,,1.0,,,Unknown,"Hospital in Eagle Pass, Maverick County, Texas, shortly after crossing the US-Mexico border",US Border Patrol,"28.709143300000, -100.499521400000",Central America to US,http://bit.ly/2WeJzRx,Northern America,5
51744,US-Mexico Border,"June 03, 2019",2019,Jun,1.0,,1,,1.0,,,Unknown,"Barry M. Goldwater Firing Range, Yuma, Yuma County, Arizona, USA",US Border Patrol,"32.727036699948, -114.757467600980",Central America to US,http://bit.ly/2KH1Cxv,Northern America,5
51735,US-Mexico Border,"June 02, 2019",2019,Jun,1.0,,1,,,1.0,,Seizure,"Hospital in Roma, Starr County, Texas, shortly after crossing the US-Mexico border",US Border Patrol,"26.408852300000, -99.015655400000",Central America to US,http://bit.ly/2WKhaHi,Northern America,5
52694,US-Mexico Border,"June 02, 2019",2019,Jun,1.0,,1,,,1.0,,Unknown (skeletal remains),"Pima County jurisdiction, Arizona, USA",Pima County Office of the Medical Examiner,"33.291796800000, -112.429146400000",,http://www.humaneborders.info/,Northern America,5
51835,US-Mexico Border,"June 01, 2019",2019,Jun,1.0,,1,,1.0,,,Unknown (skeletal remains),"Pima County jurisdiction, Arizona, USA (see coordinates for exact location)",Pima County Office of the Medical Examiner,"31.700991800000, -111.880972400000",,http://www.humaneborders.info/app/mapa.asp,Northern America,5
51727,US-Mexico Border,"June 01, 2019",2019,Jun,1.0,,1,,1.0,,,Dehydration,"Ranch near USBP checkpoint on U.S. Highway 281 near Falfurrias, Brooks County, Texas, USA",Brooks County Sheriff's Office via Breitbart,"27.115536289687, -98.089773822813",Central America to US,http://bit.ly/2WFyT2y,Northern America,1
51784,US-Mexico Border,"May 30, 2019",2019,May,1.0,,1,,,1.0,,Unknown,"Pima County jurisdiction, Arizona, USA",Pima County Office of the Medical Examiner,"31.972808100000, -111.298472400000",Central America to US,,Northern America,5
51730,US-Mexico Border,"May 30, 2019",2019,May,1.0,,1,,,1.0,,Hit by vehicle,"Interstate highway I-10, near Executive Center Boulevard, El Paso, El Paso County, Texas, USA","El Diario de El Paso, KFOX 14, El Paso Times","31.792982500000, -106.519869700000",Central America to US,"http://bit.ly/2QCQxhX, http://bit.ly/2YSUMca, http://bit.ly/2IGqByt",Northern America,3
51783,US-Mexico Border,"May 29, 2019",2019,May,1.0,,1,,,1.0,,Unknown,"Pima County jurisdiction, Arizona, USA",Pima County Office of the Medical Examiner,"32.057499000000, -111.666072500000",Central America to US,,Northern America,5
51779,US-Mexico Border,"May 29, 2019",2019,May,1.0,,1,,,1.0,,Hit by vehicle,"Interstate highway I-10, near Executive Center Boulevard, El Paso, El Paso County, Texas, USA","El Diario de El Paso, KFOX 14, El Paso Times","31.792900428498, -106.519687309790",Central America to US,"http://bit.ly/2QCQxhX, http://bit.ly/2YSUMca, http://bit.ly/2IGqByt",Northern America,3
51781,US-Mexico Border,"May 28, 2019",2019,May,1.0,,1,,,1.0,,Unknown (skeletal remains),"Pima County jurisdiction, Arizona, USA",Pima County Office of the Medical Examiner,"32.019116400000, -112.284176700000",Central America to US,,Northern America,5
51787,US-Mexico Border,"May 24, 2019",2019,May,1.0,,1,,,1.0,,Unknown (skeletal remains),"Pima County jurisdiction, Arizona, USA",Pima County Office of the Medical Examiner,"32.057701900000, -112.143021500000",Central America to US,,Northern America,5
51778,US-Mexico Border,"May 24, 2019",2019,May,1.0,,1,,,1.0,,Unknown (skeletal remains),"Pima County jurisdiction, Arizona, USA",Pima County Office of the Medical Examiner,"32.057701900000, -112.143021500000",Central America to US,,Northern America,5
51714,US-Mexico Border,"May 23, 2019",2019,May,1.0,,1,,,1.0,,Drowning,"Río Bravo, 1 mile from Eagle Pass Port of Entry, Maverick County, Texas, USA",US Border Patrol,"28.699966872573, -100.510720789270",Central America to US,"https://bit.ly/2nfUBGi, https://twitter.com/NegrasNp/status/1131617795479937024",Northern America,5
51777,US-Mexico Border,"May 21, 2019",2019,May,1.0,,1,,,,1.0,Presumed hyperthermia/dehydration,"Pima County jurisdiction, Arizona, USA",Pima County Office of the Medical Examiner,"32.263884000000, -111.324478000000",Central America to US,,Northern America,5
51726,US-Mexico Border,"May 20, 2019",2019,May,1.0,,1,,1.0,,,Unknown,"Ranch east of the USBP checkpoint on U.S. Highway 281 near Falfurrias, Brooks County, Texas, USA",Brooks County Sheriff's Office via Breitbart,"27.070487529091, -98.078634912618",Central America to US,http://bit.ly/2W0nGW8,Northern America,1
51776,US-Mexico Border,"May 19, 2019",2019,May,1.0,,1,,,,,Unknown (skeletal remains),"Pima County jurisdiction, Arizona, USA",Pima County Office of the Medical Examiner,"32.057499000000, -111.666072500000",Central America to US,,Northern America,5
51706,US-Mexico Border,"May 19, 2019",2019,May,1.0,,1,,,1.0,,Unknown,"Near the border wall along New Mexico State Road 9 at mile marker 142, Doña Ana County, New Mexico, USA","El Paso Times, KVIA-TV","31.783890467940, -107.209294206590",Central America to US,"http://bit.ly/2Hv8z2P, http://bit.ly/2YMmDuP",Northern America,3
51701,North America,"May 16, 2019",2019,May,1.0,,1,,,1.0,,Drowning,"Northwestern shore of Lake Champlain, Québec, Canada",Washington Post,"45.015152344951, -73.363652062942",,"https://wapo.st/2VWbhYc, http://bit.ly/2QfE57z",Northern America,3
51775,US-Mexico Border,"May 15, 2019",2019,May,1.0,,1,,,1.0,,Unknown (skeletal remains),"Pima County jurisdiction, Arizona, USA",Pima County Office of the Medical Examiner,"32.331803200000, -112.524509300000",Central America to US,,Northern America,5
51695,US-Mexico Border,"May 14, 2019",2019,May,1.0,,1,,,1.0,1.0,"Sickness and lack of access to medicines, Pneumonia","Entered the US via El Paso, Texas, where he was immediately hospitalized. Died approximately 1 month later in hospital.","Washington Post, NBC News","31.761877800000, -106.485021700000",Central America to US,"https://wapo.st/2VGKgrA, https://nbcnews.to/2YCtBlX",Northern America,3
51774,US-Mexico Border,"May 13, 2019",2019,May,1.0,,1,,,1.0,,Unknown (skeletal remains),"Pima County jurisdiction, Arizona, USA",Pima County Office of the Medical Examiner,"32.057499000000, -111.666072500000",Central America to US,,Northern America,5
51773,US-Mexico Border,"May 12, 2019",2019,May,1.0,,1,,,1.0,,Unknown (skeletal remains),"Pima County jurisdiction, Arizona, USA",Pima County Office of the Medical Examiner,"32.057499000000, -111.666072500000",Central America to US,,Northern America,5
51772,US-Mexico Border,"May 12, 2019",2019,May,1.0,,1,,,,,Unknown (skeletal remains),"Pima County jurisdiction, Arizona, USA",Pima County Office of the Medical Examiner,"32.057499000000, -111.666072500000",Central America to US,,Northern America,5
52693,US-Mexico Border,"May 10, 2019",2019,May,1.0,,1,,,1.0,,Unknown (skeletal remains),"Pima County jurisdiction, Arizona, USA",Pima County Office of the Medical Examiner,"32.726672300000, -112.837055100000",,http://www.humaneborders.info/,Northern America,5
51756,US-Mexico Border,"May 10, 2019",2019,May,1.0,,1,,,1.0,,Hit by vehicle,"Interstate 10 East near Schuster Avenue near the University of Texas at El Paso, El Paso County, Texas, USA",El Paso Times,"31.763443183325, -106.506078588460",Central America to US,http://bit.ly/2IGqByt,Northern America,1
51771,US-Mexico Border,"May 09, 2019",2019,May,1.0,,1,,,1.0,,Unknown (skeletal remains),"Pima County jurisdiction, Arizona, USA",Pima County Office of the Medical Examiner,"32.057499000000, -111.666072500000",Central America to US,,Northern America,5
51770,US-Mexico Border,"May 07, 2019",2019,May,1.0,,1,,,1.0,,Unknown (skeletal remains),"Pima County jurisdiction, Arizona, USA",Pima County Office of the Medical Examiner,"32.057499000000, -111.666072500000",Central America to US,,Northern America,5
51766,US-Mexico Border,"May 07, 2019",2019,May,1.0,,1,,,1.0,,Unknown (skeletal remains),"Pima County jurisdiction, Arizona, USA",Pima County Office of the Medical Examiner,"32.057499000000, -111.666072500000",Central America to US,http://www.humaneborders.info/,Northern America,5
51667,US-Mexico Border,"May 01, 2019",2019,May,2.0,2.0,4,5.0,1.0,1.0,3.0,Drowning,"Río Bravo, near Del Río, Val Verde County, Texas, USA",US Border Patrol,"29.333146234091, -100.939984373880",Central America to US,"http://bit.ly/2ITBmzW, https://n.pr/2WkOO32, https://nyti.ms/2YakVTJ, http://bit.ly/2VQXxNh, http://bit.ly/2DTYWse, http://bit.ly/2YgRGhX",Northern America,5
51647,US-Mexico Border,"April 30, 2019",2019,Apr,1.0,,1,,,1.0,,Crushed,"Inside freight train carriage in Eagle Pass, Maveric County, Texas, USA","Eagle Pass Texas News, Zócalo","28.706848426914, -100.507718230750",Central America to US,"http://bit.ly/2Vf8yc1, http://bit.ly/2GY1Azh",Northern America,3
51713,US-Mexico Border,"April 30, 2019",2019,Apr,1.0,,1,,,1.0,1.0,Sickness,"Children's hospital in Corpus Christi, Texas, USA - after being detained by US Border Patrol on 19 April right after crossing the border near El Paso, Texas, USA","Buzzfeed News, Al Jazeera","27.749029800000, -97.386347400000",Central America to US,"http://bit.ly/2EmAy2z, http://bit.ly/2JWfeEN",Northern America,3
51639,US-Mexico Border,"April 29, 2019",2019,Apr,1.0,,1,,,1.0,,Drowning,"Río Bravo, Maverick County, Texas, United States, approximately 1 mile upriver of Eagle Pass Port of Entry",US Border Patrol,"28.719692199043, -100.507659052390",Central America to US,https://bit.ly/2J0HAgJ,Northern America,5
51650,US-Mexico Border,"April 25, 2019",2019,Apr,1.0,,1,,,,,Drowning,"Río Bravo, a mile upriver of the Eagle Pass Port of Entry, Maverick County, Texas, USA",US Border Patrol,"28.711263267830, -100.508120251560",Central America to US,http://bit.ly/2UXdP2V,Northern America,5
51640,US-Mexico Border,"April 25, 2019",2019,Apr,1.0,,1,4.0,,1.0,,Vehicle Accident,"SR-125 near Olympic Parkway, Chula Vista, San Diego County, California, USA","KPBS, NBC San Diego, San Diego Union Tribune","32.631914996941, -116.971303001980",Central America to US,"https://bit.ly/2UYuibD, https://bit.ly/2XSvuKQ, https://bit.ly/2ZGqD10",Northern America,3
51636,US-Mexico Border,"April 23, 2019",2019,Apr,1.0,,1,,,,,Presumed drowning,"Río Bravo, near Minas del Seco, Maverick County, Texas, USA",Zócalo ,"28.740755680613, -100.507374644040",Central America to US,https://bit.ly/2UASLPl,Northern America,1
51665,US-Mexico Border,"April 22, 2019",2019,Apr,1.0,,1,,,1.0,,Unknown (skeletal remains),"Pima County jurisdiction, Arizona, USA",Pima County Office of the Medical Examiner,"32.041316121813, -112.977695335160",Central America to US,http://www.humaneborders.info/app/mapa.asp,Northern America,5
51896,US-Mexico Border,"April 22, 2019",2019,Apr,1.0,,1,3.0,,1.0,,Drowning,"Remains recovered on the shores of South Padre Island, Cameron County, Texas, USA","CBS 4 News, Port Isabel Press","26.068308625732, -97.154688461478",Central America to US,"http://bit.ly/2ITbh49, http://bit.ly/2VEIB4F",Northern America,3
51663,US-Mexico Border,"April 22, 2019",2019,Apr,1.0,,1,,,1.0,,Probable hyperthermia,"Pima County jurisdiction, Arizona, USA",Pima County Office of the Medical Examiner,"31.619525100000, -111.975696400000",Central America to US,http://www.humaneborders.info/app/mapa.asp,Northern America,5
51664,US-Mexico Border,"April 22, 2019",2019,Apr,1.0,,1,,,1.0,,Unknown (pending),"Pima County jurisdiction, Arizona, USA",Pima County Office of the Medical Examiner,"32.464094935713, -113.108028066410",Central America to US,http://www.humaneborders.info/app/mapa.asp,Northern America,5
51666,US-Mexico Border,"April 22, 2019",2019,Apr,1.0,,1,,,1.0,,Unknown (skeletal remains),"Pima County jurisdiction, Arizona, USA",Pima County Office of the Medical Examiner,"32.055811554101, -113.000354636910",Central America to US,http://www.humaneborders.info/app/mapa.asp,Northern America,5
51661,US-Mexico Border,"April 21, 2019",2019,Apr,1.0,,1,,,1.0,,Unknown (skeletal remains),"Pima County jurisdiction, Arizona, USA",Pima County Office of the Medical Examiner,"32.398025736282, -113.293422353520",Central America to US,http://www.humaneborders.info/app/mapa.asp,Northern America,5
51662,US-Mexico Border,"April 21, 2019",2019,Apr,1.0,,1,,,1.0,,Unknown (skeletal remains),"Pima County jurisdiction, Arizona, USA",Pima County Office of the Medical Examiner,"32.404747477113, -113.248328906010",Central America to US,http://www.humaneborders.info/app/mapa.asp,Northern America,5
52692,US-Mexico Border,"April 20, 2019",2019,Apr,1.0,,1,,,1.0,,Unknown (skeletal remains),"Pima County jurisdiction, Arizona, USA",Pima County Office of the Medical Examiner,"32.660694800000, -112.891541100000",,http://www.humaneborders.info/,Northern America,5
51660,US-Mexico Border,"April 19, 2019",2019,Apr,1.0,,1,,,1.0,,Unknown (mummified remains),"Pima County jurisdiction, Arizona, USA",Pima County Office of the Medical Examiner,"31.353727052105, -110.888963067180",Central America to US,http://www.humaneborders.info/app/mapa.asp,Northern America,5
51648,US-Mexico Border,"April 17, 2019",2019,Apr,2.0,,2,,1.0,,,Unknown,"Various locations in Brooks County, Texas, USA",Tiempo Digital,"26.951081889274, -98.367782302940",Central America to US,https://bit.ly/2DGZpxO,Northern America,1
51729,US-Mexico Border,"April 12, 2019",2019,Apr,1.0,,1,,,1.0,,Hit by vehicle,"Interstate highway I-10 East at Porfirio Diaz Street, near University of Texas at El Paso, El Paso, El Paso County, Texas, USA","Desaparecidos y sin reclamar en la frontera, El Paso Times","31.759988640987, -106.502430750460",Central America to US,"http://bit.ly/313yNRE, http://bit.ly/2W9J6Qw, http://bit.ly/2Klt4ko, http://bit.ly/2IGqByt",Northern America,4
51618,US-Mexico Border,"April 11, 2019",2019,Apr,1.0,,1,,,1.0,,Drowning,"Río Bravo, near Shelby Park, Eagle Pass, Maverick County, Texas, USA","Zócalo, US Border Patrol","28.707883038393, -100.511306504710",Central America to US,"http://bit.ly/2ZbviYx, https://bit.ly/2W2fSny, http://bit.ly/2GVzowF",Northern America,5
51659,US-Mexico Border,"April 10, 2019",2019,Apr,1.0,,1,,,1.0,,Unknown (skeletal remains),"Pima County jurisdiction, Arizona, USA",Pima County Office of the Medical Examiner,"32.277903333870, -111.987980970360",Central America to US,http://www.humaneborders.info/app/mapa.asp,Northern America,5
51625,US-Mexico Border,"April 10, 2019",2019,Apr,1.0,,1,,,1.0,,Unknown,"Isabella ranch located on County Road 111, Brooks County, Texas, USA","Brooks County Sheriff's Office, The New York Times","27.170058000000, -98.177563800000",Central America to US,"http://bit.ly/2V6tH7b!, https://nyti.ms/2IEcgF0",Northern America,5
51624,US-Mexico Border,"April 10, 2019",2019,Apr,1.0,,1,,,1.0,,Unknown,"David Escobar ranch located on County Road 401, southwest of Falfurrias, Brooks County, Texas, USA","Brooks County Sheriff's Office, The New York Times","27.216474100000, -98.184402600000",Central America to US,"http://bit.ly/2V6tH7b!, https://nyti.ms/2IEcgF0",Northern America,5
51616,US-Mexico Border,"April 08, 2019",2019,Apr,1.0,,1,1.0,,1.0,,Drowning,"Brair Canal, near Barbara Worth Road, Calexico, Imperial County, California, USA","La Crónica, NBC","32.679779166203, -115.449979361940",Central America to US,"http://bit.ly/2UNiSqh, http://bit.ly/2UN5vGH",Northern America,3
51658,US-Mexico Border,"April 06, 2019",2019,Apr,1.0,,1,,,1.0,,Unknown (decomposed remains),"Pima County jurisdiction, Arizona, USA",Pima County Office of the Medical Examiner,"31.560957644044, -109.166870455020",Central America to US,http://www.humaneborders.info/app/mapa.asp,Northern America,5
51613,US-Mexico Border,"April 05, 2019",2019,Apr,1.0,,1,11.0,,1.0,,Vehicle Accident,"Died in hospital in Laredo, Webb County, Texas - after car pursuit in Highway 83 south of Río Bravo","Zócalo, Diario de México","27.425562771055, -99.480615395167",Central America to US,"https://t1p.de/49vv, https://t1p.de/d7il",Northern America,3
51657,US-Mexico Border,"April 02, 2019",2019,Apr,1.0,,1,,,1.0,,Unknown (decomposed remains),"Pima County jurisdiction, Arizona, USA",Pima County Office of the Medical Examiner,"31.757616100000, -112.418688400000",Central America to US,http://www.humaneborders.info/,Northern America,5
51656,US-Mexico Border,"April 01, 2019",2019,Apr,1.0,,1,,,,,Unknown (skeletal remains),"Pima County jurisdiction, Arizona, USA",Pima County Office of the Medical Examiner,"32.089555693789, -112.906494140620",Central America to US,http://www.humaneborders.info/app/mapa.asp,Northern America,5
51765,US-Mexico Border,"March 30, 2019",2019,Mar,1.0,,1,,,,,Unknown (skeletal remains),"Pima County jurisdiction, Arizona, USA",Pima County Office of the Medical Examiner,"32.331803200000, -112.524509300000",Central America to US,http://www.humaneborders.info/,Northern America,5
51580,US-Mexico Border,"March 23, 2019",2019,Mar,1.0,,1,,,,,Unknown (skeletal remains),"Pima County jurisdiction, Arizona, USA",Pima County Office of the Medical Examiner,"32.057499000000, -111.666072500000",,http://www.humaneborders.info/,Northern America,5
51581,US-Mexico Border,"March 23, 2019",2019,Mar,1.0,,1,,,,,Unknown (skeletal remains),"Pima County jurisdiction, Arizona, USA",Pima County Office of the Medical Examiner,"32.057499000000, -111.666072500000",,http://www.humaneborders.info/,Northern America,5
51578,US-Mexico Border,"March 21, 2019",2019,Mar,1.0,,1,,,,,Unknown (skeletal remains),"Pima County jurisdiction, Arizona, USA",Pima County Office of the Medical Examiner,"32.057499000000, -111.666072500000",,http://www.humaneborders.info/,Northern America,5
51579,US-Mexico Border,"March 21, 2019",2019,Mar,1.0,,1,,,,,Unknown (skeletal remains),"Pima County jurisdiction, Arizona, USA",Pima County Office of the Medical Examiner,"32.057499000000, -111.666072500000",,http://www.humaneborders.info/,Northern America,5
51577,US-Mexico Border,"March 15, 2019",2019,Mar,1.0,,1,,,,,Unknown (skeletal remains),"Pima County jurisdiction, Arizona, USA",Pima County Office of the Medical Examiner,"32.331803200000, -112.524509300000",,http://www.humaneborders.info/,Northern America,5
51576,US-Mexico Border,"March 13, 2019",2019,Mar,1.0,,1,,,,,Unknown (skeletal remains),"Pima County jurisdiction, Arizona, USA",Pima County Office of the Medical Examiner,"31.794415600000, -112.446447300000",,http://www.humaneborders.info/,Northern America,5
51575,US-Mexico Border,"March 11, 2019",2019,Mar,1.0,,1,,,,,Unknown (skeletal remains),"Pima County jurisdiction, Arizona, USA",Pima County Office of the Medical Examiner,"32.057701900000, -112.143021500000",,http://www.humaneborders.info/,Northern America,5
51574,US-Mexico Border,"March 06, 2019",2019,Mar,1.0,,1,,1.0,,,Unknown (skeletal remains),"Pima County jurisdiction, Arizona, USA",Pima County Office of the Medical Examiner,"32.057499000000, -111.666072500000",,http://www.humaneborders.info/,Northern America,5
51573,US-Mexico Border,"February 27, 2019",2019,Feb,1.0,,1,,,,,Unknown (skeletal remains),"Pima County jurisdiction, Arizona, USA",Pima County Office of the Medical Examiner,"32.057701900000, -112.143021500000",,http://www.humaneborders.info/,Northern America,5
51571,US-Mexico Border,"February 26, 2019",2019,Feb,1.0,,1,,,,,Unknown (skeletal remains),"Pima County jurisdiction, Arizona, USA",Pima County Office of the Medical Examiner,"32.057701900000, -112.143021500000",,http://www.humaneborders.info/,Northern America,5
51572,US-Mexico Border,"February 26, 2019",2019,Feb,1.0,,1,,,1.0,,Unknown (skeletal remains),"Pima County jurisdiction, Arizona, USA",Pima County Office of the Medical Examiner,"32.291122000000, -111.377669100000",,http://www.humaneborders.info/,Northern America,5
51510,US-Mexico Border,"February 25, 2019",2019,Feb,1.0,,1,,,1.0,,Presumed drowning,"Canal in Comanche Ranch, near Eagle Pass, Maverick County, Texas, USA",SuperChannel 12,"28.620958685162, -100.160775037960",,"http://bit.ly/2XugCTn, https://bit.ly/2T5fozr",Northern America,3
51569,US-Mexico Border,"February 25, 2019",2019,Feb,1.0,,1,,,,,Unknown (skeletal remains),"Pima County jurisdiction, Arizona, USA",Pima County Office of the Medical Examiner,"31.802384100000, -110.262284200000",,http://www.humaneborders.info/,Northern America,5
51570,US-Mexico Border,"February 25, 2019",2019,Feb,1.0,,1,,,,,Unknown (skeletal remains),"Pima County jurisdiction, Arizona, USA",Pima County Office of the Medical Examiner,"32.331803200000, -112.524509300000",,http://www.humaneborders.info/,Northern America,5
51508,US-Mexico Border,"February 22, 2019",2019,Feb,1.0,,1,,,1.0,,Drowning,"Rio Bravo, near Eagle Pass, Maverick County, Texas, USA","US Border Patrol, Telemundo","28.718723271107, -100.506647433010",,"https://bit.ly/2T5Uxwd, https://bit.ly/2EflH9l",Northern America,5
51568,US-Mexico Border,"February 22, 2019",2019,Feb,1.0,,1,,,,,Unknown (skeletal remains),"Pima County jurisdiction, Arizona, USA",Pima County Office of the Medical Examiner,"32.331803200000, -112.524509300000",,http://www.humaneborders.info/,Northern America,5
51498,US-Mexico Border,"February 21, 2019",2019,Feb,1.0,,1,,,1.0,,Vehicle Accident,"Otay Mesa, San Diego County, California, USA",NBC San Diego,"32.563023500000, -116.940790500000",,"https://bit.ly/2Gz4viJ, https://bit.ly/2U0898m",Northern America,3
51502,US-Mexico Border,"February 21, 2019",2019,Feb,2.0,,2,,,,,Unknown,"Multiple locations in Brooks County, Texas, USA",Breitbart News,"27.131022830084, -98.053451252909",,https://bit.ly/2BLavRs,Northern America,1
51503,US-Mexico Border,"February 20, 2019",2019,Feb,1.0,,1,,,1.0,,Drowning,"All-American Canal, Calexico, Imperial County, California, USA","La Opinión, La Crónica, Breitbart","32.705996627134, -115.159694515790",,"https://bit.ly/2E44gsi, https://bit.ly/2IwhW4P, https://bit.ly/2Tb94G2",Northern America,3
51566,US-Mexico Border,"February 19, 2019",2019,Feb,1.0,,1,,,1.0,,Unknown (skeletal remains),"Pima County jurisdiction, Arizona, USA",Pima County Office of the Medical Examiner,"32.057499000000, -111.666072500000",,http://www.humaneborders.info/,Northern America,5
51567,US-Mexico Border,"February 19, 2019",2019,Feb,1.0,,1,,,1.0,,Unknown (skeletal remains),"Pima County jurisdiction, Arizona, USA",Pima County Office of the Medical Examiner,"32.057499000000, -111.666072500000",,http://www.humaneborders.info/,Northern America,5
51501,US-Mexico Border,"February 17, 2019",2019,Feb,1.0,,1,,,1.0,,Unknown,"Ranch in southwest Brooks County, Texas, USA",Breitbart News,"26.982280497005, -98.267379508161",,https://bit.ly/2BLavRs,Northern America,1
51476,US-Mexico Border,"February 14, 2019",2019,Feb,1.0,,1,,,1.0,,Drowning,"Rio Bravo, between International Bridge 1 and 2, near Eagle Pass, Maverick County, Texas, USA",US Border Patrol,"28.700360570000, -100.510757707230",,"https://bit.ly/2NcNdIN, https://bit.ly/2Gx7YOJ, https://bit.ly/2Gvn6wc",Northern America,5
51500,US-Mexico Border,"February 14, 2019",2019,Feb,1.0,,1,,,,,Unknown (skeletal remains),"Ranch near US Border Patrol checkpoint in Brooks County, Texas, USA",Breitbart News,"27.040028051146, -98.103990938813",,https://bit.ly/2BLavRs,Northern America,1
51499,US-Mexico Border,"February 11, 2019",2019,Feb,1.0,,1,,1.0,,,Unknown (skeletal remains),"Ranch near US Border Patrol checkpoint in Brooks County, Texas, USA",Breitbart News,"27.025620837846, -98.163042452485",,https://bit.ly/2BLavRs,Northern America,1
51592,US-Mexico Border,"February 01, 2019",2019,Feb,1.0,,1,,,1.0,,Presumed drowning,"Rio Bravo, near McAllen, Hidalgo County, Texas, USA","La Prensa Gráfica, Telemundo Noticias","26.082034154560, -98.258656087878",,"https://tlmdo.co/2CxHqJM, https://bit.ly/2CnIwaU",Northern America,3
51563,US-Mexico Border,"January 29, 2019",2019,Jan,1.0,,1,,,,,Unknown (skeletal remains),"Pima County jurisdiction, Arizona, USA",Pima County Office of the Medical Examiner,"32.057499000000, -111.666072500000",,http://www.humaneborders.info/,Northern America,5
51564,US-Mexico Border,"January 29, 2019",2019,Jan,1.0,,1,,,,,Unknown (skeletal remains),"Pima County jurisdiction, Arizona, USA",Pima County Office of the Medical Examiner,"32.057499000000, -111.666072500000",,http://www.humaneborders.info/,Northern America,5
51565,US-Mexico Border,"January 29, 2019",2019,Jan,1.0,,1,,,,,Unknown (skeletal remains),"Pima County jurisdiction, Arizona, USA",Pima County Office of the Medical Examiner,"32.057499000000, -111.666072500000",,http://www.humaneborders.info/,Northern America,5
51562,US-Mexico Border,"January 26, 2019",2019,Jan,1.0,,1,,,,,Unknown (skeletal remains),"Pima County jurisdiction, Arizona, USA",Pima County Office of the Medical Examiner,"31.691203800000, -110.461623900000",,http://www.humaneborders.info/,Northern America,5
51561,US-Mexico Border,"January 24, 2019",2019,Jan,1.0,,1,,,1.0,,Unknown (skeletal remains),"Pima County jurisdiction, Arizona, USA",Pima County Office of the Medical Examiner,"31.365435700000, -110.106236400000",,http://www.humaneborders.info/,Northern America,5
49248,US-Mexico Border,"January 23, 2019",2019,Jan,1.0,,1,,,1.0,,Presumed drowning,"Río Bravo, near Minas del Seco, Maverick County, USA","Zócalo, La Rancherita del Aire","28.741004209104, -100.507503434180",,"https://bit.ly/2FPw32Y, https://bit.ly/2UpdohU",Northern America,3
51556,US-Mexico Border,"January 21, 2019",2019,Jan,1.0,,1,,,,,Unknown (skeletal remains),"Pima County jurisdiction, Arizona, USA",Pima County Office of the Medical Examiner,"32.057499000000, -111.666072500000",,http://www.humaneborders.info/,Northern America,5
51557,US-Mexico Border,"January 21, 2019",2019,Jan,1.0,,1,,,,,Unknown (skeletal remains),"Pima County jurisdiction, Arizona, USA",Pima County Office of the Medical Examiner,"32.057499000000, -111.666072500000",,http://www.humaneborders.info/,Northern America,5
51558,US-Mexico Border,"January 21, 2019",2019,Jan,1.0,,1,,,,,Unknown (skeletal remains),"Pima County jurisdiction, Arizona, USA",Pima County Office of the Medical Examiner,"32.057499000000, -111.666072500000",,http://www.humaneborders.info/,Northern America,5
51559,US-Mexico Border,"January 21, 2019",2019,Jan,1.0,,1,,,,,Unknown (skeletal remains),"Pima County jurisdiction, Arizona, USA",Pima County Office of the Medical Examiner,"32.057499000000, -111.666072500000",,http://www.humaneborders.info/,Northern America,5
51560,US-Mexico Border,"January 21, 2019",2019,Jan,1.0,,1,,,,,Unknown (skeletal remains),"Pima County jurisdiction, Arizona, USA",Pima County Office of the Medical Examiner,"32.057499000000, -111.666072500000",,http://www.humaneborders.info/,Northern America,5
51555,US-Mexico Border,"January 19, 2019",2019,Jan,1.0,,1,,,,,Unknown (skeletal remains),"Pima County jurisdiction, Arizona, USA",Pima County Office of the Medical Examiner,"32.057499000000, -111.666072500000",,http://www.humaneborders.info/,Northern America,5
51553,US-Mexico Border,"January 17, 2019",2019,Jan,1.0,,1,,,,,Unknown (skeletal remains),"Pima County jurisdiction, Arizona, USA",Pima County Office of the Medical Examiner,"32.481200700000, -111.667840700000",,http://www.humaneborders.info/,Northern America,5
51554,US-Mexico Border,"January 17, 2019",2019,Jan,1.0,,1,,,1.0,,Dehydration,"Pima County jurisdiction, Arizona, USA",Pima County Office of the Medical Examiner,"31.746892100000, -111.945738600000",,http://www.humaneborders.info/,Northern America,5
51552,US-Mexico Border,"January 15, 2019",2019,Jan,1.0,,1,,,,,Unknown (skeletal remains),"Pima County jurisdiction, Arizona, USA",Pima County Office of the Medical Examiner,"32.057499000000, -111.666072500000",,http://www.humaneborders.info/,Northern America,5
48116,US-Mexico Border,"January 06, 2019",2019,Jan,1.0,,1,,,,,Unknown (skeletal remains),"Pima County jurisdiction, Arizona, USA",Pima County Office of the Medical Examiner,"32.057499000000, -111.666072500000",Central America to US,http://www.humaneborders.info/,Northern America,5
